{
 "1": 0.8229662186452668,
 "2": 0.10556992264962717,
 "3": 0.03505004000881354,
 "4": 0.01611021558372279,
 "5": 0.00861639085711635,
 "6": 0.005213902192946852,
 "7": 0.0033166726583247325,
 "8": 0.0018717166680196217,
 "9": 0.0009857243914601478,
 "10": 0.0002991963447020213
}