{
 "1": 0.6902575639851097,
 "2": 0.15702241653233756,
 "3": 0.06240447170970997,
 "4": 0.03383006111491227,
 "5": 0.02006470990710997,
 "6": 0.012888636337280096,
 "7": 0.009006041910681774,
 "8": 0.006201945935916318,
 "9": 0.0047755447576857514,
 "10": 0.003548607809256532
}