{
 "1": 0.7743673353654215,
 "2": 0.12958105904869924,
 "3": 0.04969164244701212,
 "4": 0.023676189125965832,
 "5": 0.011271000212660382,
 "6": 0.006167151059757567,
 "7": 0.0029772453391933083,
 "8": 0.0017012830509676048,
 "9": 0.000567094350322535,
 "10": 0.0
}