{
 "1": 0.5555398029347133,
 "2": 0.1816119656907918,
 "3": 0.09023888849507337,
 "4": 0.05592968030056,
 "5": 0.03246615155596513,
 "6": 0.024526830651449633,
 "7": 0.02062805699298221,
 "8": 0.016303962571772877,
 "9": 0.013822924789111788,
 "10": 0.008931736017579925
}