{
 "1": 0.650553697475779,
 "2": 0.16847023333028266,
 "3": 0.0691429650473762,
 "4": 0.039535586893837675,
 "5": 0.023319126456648947,
 "6": 0.016932403611226637,
 "7": 0.011319548144861486,
 "8": 0.008825331876732657,
 "9": 0.006652015704410465,
 "10": 0.005249091458844273
}